epoch,accuracy,learning_rate,loss,val_accuracy,val_loss
0,0.2098214328289032,0.0010000000474974513,1.3949851989746094,0.2321428507566452,1.3952783346176147
1,0.2053571492433548,0.0010000000474974513,1.3957653045654297,0.2857142984867096,1.3951350450515747
2,0.2410714328289032,0.0010000000474974513,1.3871862888336182,0.2321428507566452,1.391103744506836
3,0.2901785671710968,0.0010000000474974513,1.3864551782608032,0.1428571492433548,1.3920519351959229
4,0.25,0.0010000000474974513,1.3842850923538208,0.1785714328289032,1.393349289894104
5,0.2633928656578064,0.0010000000474974513,1.3828836679458618,0.1785714328289032,1.3961153030395508
6,0.25,0.0005000000237487257,1.3821099996566772,0.1607142835855484,1.3975096940994263
7,0.2633928656578064,0.0005000000237487257,1.3828465938568115,0.1428571492433548,1.3935669660568237
